Asset,"Reported Issues",Added
12345,"test issue","2019-10-10 10:26:30"
284471,"keyboard issue","2019-10-10 15:37:32"
193881,"Case scratch severe ","2019-10-11 20:37:09"
296258,"Faceplate Scratch","2019-10-14 14:38:12"
277416,"Case Crack","2019-10-14 14:47:38"
296214,"No ODD, Loud PSU fan, no boot","2019-10-14 16:23:14"
168942,"Case dent","2019-10-14 17:06:56"
297737,"BAD FACE ","2019-10-15 14:38:46"
296254,"BAD FACE","2019-10-15 14:41:31"
297745,"BAD CASE","2019-10-15 15:06:02"
297745,"BAD CASE","2019-10-15 15:09:22"
175432,"Case gouge, faceplate scratch","2019-10-15 15:49:36"
275467,"Case dent, top case chip","2019-10-15 19:56:15"
282339,"Pressure mark, case crack, top case chip","2019-10-15 19:59:27"
282351,"Top case chip, pressure marks","2019-10-15 20:01:42"
284678,"Bad Display","2019-10-15 20:29:31"
284662,"Cracked case","2019-10-15 20:33:13"
284674,"Damaged bezel, worn trackpad","2019-10-15 20:58:43"
296207,"BAD CASE","2019-10-15 20:59:13"
297752,"BAD FACE","2019-10-15 22:12:06"
203199,"AMAZON PROBLEM","2019-10-16 14:17:22"
279307,"Amazon Problem+++++++++","2019-10-16 14:51:29"
279305,"Amazon Problem","2019-10-16 15:03:55"
279262,"amazon problem","2019-10-16 15:06:28"
167572,"AMAZON PROBLEMS","2019-10-16 15:08:29"
296741,"face scrach","2019-10-16 15:29:54"
279285,"AMAZON PROBLEMS","2019-10-16 15:35:24"
279261,"amazon problem ","2019-10-16 15:37:48"
279296,"AMAZON PROBLEM","2019-10-16 15:40:07"
283131,"Screen Lines, case crack","2019-10-16 17:31:01"
284677,"Cracked screen","2019-10-16 18:17:24"
284611,"Dead, no signs of life","2019-10-16 18:58:05"
294810,"DENT CASE","2019-10-16 19:26:34"
193859,"Edge case chip, worn palm rest","2019-10-16 21:20:30"
284611,"Missing battery","2019-10-17 14:39:31"
284611,"Missing screen, battery, no signs of life","2019-10-17 14:39:53"
188726,"pressure mark","2019-10-17 15:10:49"
185768,"palm rest scratch","2019-10-17 15:15:09"
282956,"Case scratch major corner","2019-10-17 15:57:06"
283119,"Case scratch Severe","2019-10-17 16:00:03"
283141,"Top Case scratch severe","2019-10-17 16:46:13"
283158,"case scratch corner","2019-10-17 16:59:48"
284653,"Corner scratch severe","2019-10-17 17:03:45"
284666,"Case dent","2019-10-17 17:06:05"
283286,"Damaged bezel","2019-10-17 17:09:08"
294814,DENT,"2019-10-17 18:39:43"
294801,"DENT CASE","2019-10-17 18:51:07"
294797,"DENT CASE","2019-10-17 20:34:51"
275424,"case dent severe","2019-10-17 21:17:03"
283194,STAIN,"2019-10-17 21:23:57"
283188,"SCREEN SCRATCH","2019-10-17 21:23:58"
283194,STAIN,"2019-10-17 21:24:42"
275422,"CASE DENT SEVERE","2019-10-17 21:26:06"
284670,"CASE DENT SEVERE","2019-10-17 21:30:37"
275417,DEAD,"2019-10-17 21:35:00"
282931,"case scrach severe","2019-10-17 21:38:07"
283115,"screen  scrastch minor","2019-10-17 21:43:16"
283297,"case scrastch  minor","2019-10-17 21:48:05"
283146,"DENT CASE","2019-10-17 22:08:17"
283135,"cracker case minor","2019-10-18 14:28:43"
283109,"case dent severe","2019-10-18 14:43:39"
283109,"case dent severe","2019-10-18 14:43:54"
283199,"case dent severe","2019-10-18 14:50:00"
199230,"Screen Scratch","2019-10-18 16:00:50"
507616,"case scratch minor","2019-10-18 16:55:04"
507653,"face scratch minor","2019-10-18 16:55:30"
296323,"BAD  FACE","2019-10-18 16:56:35"
284616,"Thermal Shutdown","2019-10-18 16:57:58"
507664,"face scratch ","2019-10-18 16:58:32"
507611,"case scratch minor ","2019-10-18 16:58:52"
507642,"scratch face","2019-10-18 17:01:59"
507650,"scratch face","2019-10-18 17:09:17"
507604,"scratch case","2019-10-18 17:18:59"
296353,"BAD FACE ----- DENT CASE","2019-10-18 17:21:48"
507643,"SCRATCH FACE","2019-10-18 17:22:01"
507669,"scratch face","2019-10-18 17:22:57"
507668,"BAD FACE","2019-10-18 17:24:25"
507673,"SCRATCH FACE","2019-10-18 17:29:10"
507644,"case scratch minor","2019-10-18 17:29:26"
507658,"face scratch minor","2019-10-18 17:30:10"
507672,"BAD FACE","2019-10-18 17:32:16"
297119,"BEN DIJO SI","2019-10-18 17:33:20"
507626,"SCRATCH FACE","2019-10-18 17:36:02"
507649,"BAD FACE","2019-10-18 17:37:55"
507619,"SCRATCH FACE","2019-10-18 17:44:08"
507617,"SCRATCH FACE","2019-10-18 17:46:37"
507618,"case scratch minor","2019-10-18 17:46:50"
507677,"scratch faCE minor","2019-10-18 17:47:06"
507608,"case scratch minor","2019-10-18 17:49:58"
296345,"BAD FACE","2019-10-18 17:54:00"
507609,"case scratch minor","2019-10-18 17:55:15"
296345,"BAD FACE         DENT CASE ","2019-10-18 17:55:59"
507651,"BAD FACE","2019-10-18 17:56:41"
507638,"case scrach minor","2019-10-18 17:57:24"
507638,"case scratch minor","2019-10-18 17:58:31"
507657,"BAD FACE","2019-10-18 17:59:01"
507614,"case scratch minor","2019-10-18 18:01:58"
507635,"BAD FACE","2019-10-18 18:03:53"
507676,"BAD FACE","2019-10-18 18:06:16"
507660,"face scratch","2019-10-18 18:08:24"
284463,"BAD CASE","2019-10-18 18:10:29"
284488,"BAD CASE","2019-10-18 18:11:28"
284489,"SCREEN SCRATCH","2019-10-18 18:25:04"
297771,"case scratch minor","2019-10-18 19:39:44"
111553,"Damaged bracket","2019-10-18 19:41:03"
296410,Dead,"2019-10-21 17:35:08"
282334,"DON'T READ HDD","2019-10-21 18:11:57"
284510,"CASE SCRATCH  MINOR","2019-10-21 18:16:53"
282335,"CRACRED  CASE TOP CASE","2019-10-21 18:18:51"
282335,"CRACRED  CASE","2019-10-21 18:19:26"
284536,"cases scratch minor","2019-10-21 18:19:38"
284604,"CASE SCRATCH MENOR","2019-10-21 18:24:51"
284551,"CASE SCRATCH MINOR","2019-10-21 18:26:32"
284609,"DENT CASE","2019-10-21 18:27:02"
274971,"case  scratch minor","2019-10-21 18:30:49"
284552,"CASE _DENT_ SEVERE ","2019-10-21 18:30:58"
284469,"CRACKED INSIDE","2019-10-21 18:36:40"
284479,"DENT CASE","2019-10-21 18:39:04"
284493,"cracked case severe","2019-10-21 18:39:19"
282337,"CRACRED CASE  -  MISSING BACK  - MISSING DISPLAY CABLE - MISSING WIFI CARD","2019-10-21 18:40:08"
284526,"SCRATCH CASE","2019-10-21 18:41:10"
282349,"CRACRED CASE - SCREEN SCRATCH","2019-10-21 18:43:12"
283151,"Case Descolor ","2019-10-21 18:43:55"
287248,"cracked case severe","2019-10-21 18:44:08"
283151,"Case Discolor","2019-10-21 18:45:25"
284491,"CASE DENT","2019-10-21 18:47:16"
282333,"case cracked severe","2019-10-21 18:50:49"
284457,"SCRATCH CASE","2019-10-21 18:51:19"
283696,"DENT CASE - CRACRED CASE","2019-10-21 18:54:49"
284597,"DENT CASE - CRACRED CASE","2019-10-21 18:57:21"
282338,"cracked case severe","2019-10-21 19:00:07"
283127,"case discolore","2019-10-21 19:11:07"
283127,"case discolor","2019-10-21 19:13:14"
282329,"bad kayboard","2019-10-21 19:31:21"
282329,"bad keyboard","2019-10-21 19:33:18"
284592,"DENT CASE","2019-10-21 19:35:19"
282930,"case dent severe","2019-10-21 19:38:52"
282930,"case dent severe","2019-10-21 19:40:27"
275458,"BEN DIJO SI","2019-10-21 19:43:09"
284675,"TRATAR CON SKIN ","2019-10-21 20:09:28"
283047,"DENT CASE","2019-10-21 20:11:09"
275446,"CASE SCRATCH","2019-10-21 20:24:43"
291690,"case  scratch minor","2019-10-21 22:18:01"
283131,"case discolor ","2019-10-22 15:13:12"
274864,"VGA Display yellow tint","2019-10-22 15:47:19"
284554,"Screen Line","2019-10-22 16:03:00"
275411,"Pressure mark","2019-10-22 18:09:37"
283076,"dent screen","2019-10-22 20:03:43"
284526,"Screen lines, Bad battery","2019-10-22 21:53:45"
295209,"beep codes","2019-10-22 22:16:22"
507529,"Beep codes after BIOS update","2019-10-23 15:51:39"
283127,"pressure marks, case scratch","2019-10-23 18:05:20"
299449,"Bad battery, doesn't PXE boot","2019-10-23 21:57:41"
282987,"Pressure Mark","2019-10-24 20:38:58"
283143,"Pressure Mark","2019-10-24 20:39:53"
282990,Dead,"2019-10-24 21:23:20"
95587,"Pressure mark","2019-10-29 13:38:51"
95587,"Pressure mark","2019-10-29 13:39:07"
283181,"defective keyboard and bad webcam","2019-10-29 16:19:47"
512956,"bad touchpad","2019-10-29 17:24:17"
267671,"Broken battery","2019-10-29 19:55:32"
287291,"Damaged bezel, bad battery, dead keyboard","2019-10-30 21:27:16"
287291,"Bad battery, damaged bezel, dead keyboard","2019-10-30 21:27:42"
514973,"Deffective touchpad","2019-10-31 17:25:48"
296271,Dead,"2019-10-31 17:38:16"
296271,dead,"2019-10-31 17:38:32"
161756,"case dent","2019-11-01 14:52:42"
287299,"Case scratch severe","2019-11-04 14:27:13"
509182,"worn palmrest, case gouge","2019-11-04 15:19:00"
282933,"case crack","2019-11-04 15:20:03"
275445,"Broken wifi wires","2019-11-04 15:29:56"
295589,"BIOS Lock","2019-11-04 17:56:38"
514978,"Case chip","2019-11-04 20:32:56"
299737,"case scratch severe, work keyboard","2019-11-05 16:34:56"
519690,"worn keyboard, screen distorts near hinge","2019-11-05 16:39:24"
519702,"pressure mark, worn keyboard","2019-11-05 16:42:38"
512951,"Case scratch severe","2019-11-05 17:50:19"
509193,"case scratch severe","2019-11-05 17:50:35"
299464,"Top case is loose","2019-11-05 18:54:36"
297432,"broken keyboard, missing back, case scratch","2019-11-05 20:42:28"
275442,"Broken Wifi wires","2019-11-06 14:26:48"
275444,"broken wifi adapter","2019-11-06 14:56:21"
282329,"bad keyboard, pressure mark","2019-11-06 17:19:09"
292169,SCRATCH,"2019-11-06 17:54:48"
292168,scratch,"2019-11-06 22:20:41"
284742,"screen scratch","2019-11-07 14:02:44"
287290,"screen scratch","2019-11-07 14:03:18"
512951,"case scratch corner","2019-11-07 14:39:40"
86107,"no asin","2019-11-07 15:07:33"
519700,"Case scratch severe","2019-11-07 17:37:57"
522324,"Case Crack","2019-11-07 18:02:01"
522323,"Screen Scratch, bad Battery","2019-11-07 18:14:16"
522295,"Sscreen Scratch","2019-11-07 18:20:40"
512933,"pressure marks, worn keyboard","2019-11-07 18:36:15"
519695,"Bad Touchpad","2019-11-07 19:05:28"
522301,"worn keyboard, case scratch severe","2019-11-07 19:06:38"
509180,"worn keyboard","2019-11-07 20:09:30"
524928,"Kensington Lock","2019-11-07 20:18:23"
519693,"BAD INSIDE","2019-11-07 20:29:12"
524945,"bad keyboard","2019-11-07 20:30:25"
525054,SCRATCH,"2019-11-07 20:32:58"
524943,"Bad screen scratch","2019-11-07 20:34:29"
525026,"BAD KEYBOARD","2019-11-07 20:36:10"
519697,"worn keyboard","2019-11-07 20:37:36"
519607,"bad screen ","2019-11-07 21:08:01"
299480,"BAD SCREEN","2019-11-07 21:10:01"
299484,"CASE DISCOLOR","2019-11-07 22:14:21"
283678,"DENT CASE","2019-11-08 14:30:55"
295573,"CASE SCRATCH SEVERE","2019-11-08 14:35:46"
295571,"CASE SCRATCH","2019-11-08 14:36:43"
283322,"CAS BROKEN ","2019-11-08 14:47:02"
295536,"CASE DENT SEVERE","2019-11-08 14:47:20"
295521,"Case Dent severe","2019-11-08 14:48:28"
295576,"CASE BROKEN","2019-11-08 14:49:13"
295521,"Case Dent Severe","2019-11-08 14:51:04"
284806,"CASE SCRATCH MINOR","2019-11-08 14:53:13"
284672,"CASE SCRATCH","2019-11-08 14:53:52"
295547,"Back Broken ","2019-11-08 14:58:04"
287301,"SCRATCH CASE","2019-11-08 14:58:33"
283677,"CASE SCRATCH MINOR","2019-11-08 15:05:50"
295746,"NEED BATTERY","2019-11-08 15:09:31"
283150,"CASE SCRATCH MINOR","2019-11-08 15:09:58"
295574,"Case Dent Coner Severe ","2019-11-08 15:13:09"
284572,"Case Dent Coner Severe , No Battery ,Back Case Discolor ","2019-11-08 15:20:57"
295593,"CASE SCRATCH","2019-11-08 15:21:08"
295601,"CASE BROKEN","2019-11-08 15:22:54"
295563,"CASE SCRATCH MINOR","2019-11-08 15:24:11"
295535,"BROKEN CASE","2019-11-08 15:43:29"
295562,"BROKEN INSIDE","2019-11-08 15:45:08"
295553,"BROKEN INSIDE","2019-11-08 15:46:29"
162580,"Need  Battery , Case discolor ","2019-11-08 15:52:29"
198750,"SCREEN SCRATCH","2019-11-08 15:55:32"
284568,"MISSING BATTERY","2019-11-08 16:02:32"
198751,"BROKEN INSIDE","2019-11-08 16:03:51"
198749,"BROKEN INSIDE","2019-11-08 16:05:21"
296404,"CASE SCRATCH MINOR","2019-11-08 16:13:02"
295524,"BROKEN INSIDE","2019-11-08 16:13:27"
295591,"DENT CASE","2019-11-08 16:15:22"
295595,"CASE DENT","2019-11-08 16:16:55"
295522,"BROKEN INSIDE","2019-11-08 16:20:26"
295525,"BROKEN CASE","2019-11-08 16:22:12"
295515,"SCRATCH INSIDE","2019-11-08 16:23:58"
295527,"SCREEN SCRATCH SEVERE","2019-11-08 16:24:35"
295518,"case discolor ","2019-11-08 16:26:01"
283156,"missing for battery","2019-11-08 17:21:34"
282989,"missing for baterry","2019-11-08 17:25:08"
287221,"BAD INSIDE","2019-11-08 17:25:43"
284767,"back case broken , missing button ","2019-11-08 17:35:52"
277681,"PRESSURE MARK MINOR","2019-11-08 17:40:12"
284677,"CRACKET INSIDE","2019-11-08 18:29:32"
284677,"Case Crack, Cracked battery","2019-11-08 18:38:02"
161560,REPLACEMENT,"2019-11-08 18:43:49"
284670,"Case Crack","2019-11-08 18:53:32"
515832,"No ASIN","2019-11-08 18:57:21"
277416,"Case Chip","2019-11-08 19:04:28"
182813,"power dies. Many dents.","2019-11-08 19:09:07"
182813,"many dents and power does not come on","2019-11-08 19:09:25"
506574,"case dent coner severe","2019-11-08 21:07:25"
506574,"case dent coner severe","2019-11-08 21:08:56"
284533,"missing for battery","2019-11-08 21:10:59"
299712,"BAD KEYBOARD","2019-11-11 14:05:59"
299735,"worn keyboard","2019-11-11 14:16:33"
299458,"missing key","2019-11-11 14:23:22"
299753,"worn keyboard","2019-11-11 14:25:09"
299740,"missing keyboard","2019-11-11 14:27:32"
299738,"worn keyboard","2019-11-11 14:31:41"
162305,"case dent","2019-11-11 14:38:11"
284530,"pressure mark","2019-11-11 16:38:11"
181215,"Broken USB Port","2019-11-11 16:43:41"
162580,"Pressure Marks","2019-11-11 17:06:49"
291575,"Pressure Marks","2019-11-11 17:19:16"
162589,"Pressure Marks","2019-11-11 17:28:12"
284568,"Pressure Marks","2019-11-11 17:41:41"
284523,"Pressure Marks","2019-11-11 17:45:04"
162557,"SCREEN CRACK","2019-11-11 18:26:20"
198736,"Pressure Mark","2019-11-11 19:37:55"
299697,"Pressure Marks","2019-11-11 19:39:43"
506578,Computrace,"2019-11-11 20:20:04"
299750,"Pressure Mark","2019-11-11 20:38:25"
287264,copytray,"2019-11-11 20:42:47"
287264,computrace,"2019-11-11 20:47:22"
299679,computrace,"2019-11-11 20:56:48"
299650,computrace,"2019-11-11 20:57:13"
299745,computrace,"2019-11-11 20:57:29"
506590,computrace,"2019-11-11 20:59:36"
506580,computrace,"2019-11-11 20:59:49"
506583,computrace,"2019-11-11 21:00:03"
299739,computrace,"2019-11-11 21:00:57"
299639,computrace,"2019-11-11 21:01:08"
506579,computrace,"2019-11-11 21:01:20"
299757,computrace,"2019-11-11 21:02:18"
299711,computrace,"2019-11-11 21:02:30"
299676,computrace,"2019-11-11 21:02:47"
299682,computrace,"2019-11-11 21:03:47"
299743,computrace,"2019-11-11 21:04:04"
299759,computrace,"2019-11-11 21:04:23"
299678,computrace,"2019-11-11 21:05:09"
506585,computrace,"2019-11-11 21:05:22"
299744,computrace,"2019-11-11 21:05:36"
299699,computrace,"2019-11-11 21:06:42"
299723,computrace,"2019-11-11 21:07:33"
299675,computrace,"2019-11-11 21:17:10"
299629,computrace,"2019-11-11 21:17:22"
299671,computrace,"2019-11-11 22:01:17"
299671,computrace,"2019-11-11 22:01:33"
299690,computrace,"2019-11-11 22:01:56"
299736,computrace,"2019-11-11 22:02:18"
296770,"bad face","2019-11-12 14:19:33"
297091,"Bad Face, Doesn't PXE boot","2019-11-12 14:23:28"
191696,"Doesn't POST","2019-11-12 14:56:33"
295509,"dent case ","2019-11-12 15:00:44"
200167,"BAD CASE","2019-11-12 15:48:31"
200167,"BAD CASE","2019-11-12 15:48:51"
287234,"worn keyboard","2019-11-12 16:18:51"
299471,"Pressure mark","2019-11-12 16:27:36"
299482,dent,"2019-11-12 17:33:32"
291576,"Bad Touchpad, Pressure marks","2019-11-12 20:38:34"
273078,"Pressure Marks","2019-11-12 21:34:49"
295531,"Pressure Marks","2019-11-12 21:37:39"
295534,"Pressure Mark","2019-11-12 21:40:31"
283053,"pressure marks","2019-11-12 22:05:43"
296726,"bad face","2019-11-13 17:40:40"
297136,"bad face","2019-11-13 17:43:51"
181840,"bios lock","2019-11-13 18:05:28"
296733,"case dent severe","2019-11-13 20:20:44"
295302,"jumper problem","2019-11-13 20:27:04"
167229,"case dent severe","2019-11-13 20:36:05"
296825,"DENT CASE","2019-11-14 16:25:35"
296341,"CASE DENT SEVERE","2019-11-14 20:02:00"
297245,"Rear Fan Failure","2019-11-14 20:16:31"
294822,"BAD CASE","2019-11-14 21:03:15"
294802,DEAD,"2019-11-14 22:28:09"
520666,"BAD FACE","2019-11-15 14:24:21"
520641,"BAD FACE","2019-11-15 14:29:00"
520498,"BAD FACE IN SILVER....   ESTA MALO EN LO GRIS ","2019-11-15 14:55:12"
520598,"BAD FACE","2019-11-15 14:55:24"
520669,"BAD FACE","2019-11-15 14:59:18"
520563,"bad case in  silver ","2019-11-15 15:16:02"
520652,"bad case","2019-11-15 15:29:10"
520570,"BAD FACE IS BROKEN...... LA CARA ESTA QUEBRADA","2019-11-15 15:35:15"
520653,"BAD FACE IN SILVER","2019-11-15 15:37:04"
520611,"BEN FIXES","2019-11-15 15:39:54"
520638,"BAD FACE","2019-11-15 15:44:46"
520622,"BAD FACE","2019-11-15 15:53:41"
520586,"BAD FACE","2019-11-15 15:55:57"
520582,"BAD FACE","2019-11-15 15:57:43"
520488,"bad case ","2019-11-15 15:59:19"
520596,"BAD FACE","2019-11-15 16:26:12"
520583,"BAD FACE","2019-11-15 16:28:38"
520668,"BAD FACE","2019-11-18 17:25:06"
512961,"Worn Keyboard, worn trackpad, minor case scratch","2019-11-18 21:38:21"
527741,"SCREEN BROKEN ","2019-11-19 14:28:28"
525033,"MISSING BATTERY","2019-11-19 14:36:55"
198937,"defective fiasch screen","2019-11-19 14:49:12"
527255,"bad face","2019-11-19 15:31:03"
520526,"bad face","2019-11-19 17:41:45"
520573,"BAD FACE ","2019-11-20 15:48:53"
198860,"Case Crack","2019-11-20 16:31:24"
199418,"Worn keyboard","2019-11-20 20:21:23"
525033,"worn keyboard, no display","2019-11-20 20:41:37"
142806,"Can't read HDD","2019-11-20 21:07:15"
524951,"Pressure mark","2019-11-21 14:41:14"
525074,"Doesn't PXE boot","2019-11-21 15:06:14"
525068,"Doesn't PXE Boot","2019-11-21 15:11:13"
518095,"Bad battery, Missing bottom, BIOS Lock","2019-11-21 17:25:15"
193888,"Sever case dent and crack","2019-11-21 17:26:38"
296260,"Defective fan","2019-11-21 21:08:47"
527142,"Can't read the hard drive","2019-11-21 21:09:55"
291560,"Bad Face","2019-11-21 21:43:37"
296355,"case dent severe","2019-11-22 14:43:19"
279317,"IS i3","2019-11-22 14:48:40"
296317,"cra ckacked face plate","2019-11-22 14:57:18"
279316,"DENT CASE","2019-11-22 15:17:15"
142322,"can't read hard drive","2019-11-22 15:20:09"
297797,"WRONG PROCESSOR","2019-11-22 15:23:26"
519033,"scratch face","2019-11-22 15:34:45"
275523,"wrong process","2019-11-22 15:47:18"
297089,"case dent severe","2019-11-22 15:50:12"
527137,"case dent severe","2019-11-22 17:45:00"
142327,"BROKER CASE ","2019-11-22 18:22:00"
518946,"DENT CASE","2019-11-22 20:15:24"
200353,"Case dent, screen scratch","2019-11-22 20:36:55"
199048,"Case scratch severe","2019-11-22 21:46:32"
198862,"Case discolor, worn keyboard","2019-11-22 22:01:24"
519053,"bad psu","2019-11-25 14:29:13"
199028,"Pressure Mark","2019-11-25 16:58:07"
291578,"Damaged USB Cable","2019-11-25 18:45:31"
520776,"Case scratch ","2019-11-25 22:05:34"
520546,"Intermittent display issues","2019-11-26 14:35:27"
197682,"Doesn't read HDD","2019-11-26 16:11:00"
520660,"Case dent corner","2019-11-26 17:52:53"
296785,"Case dent severe","2019-11-26 17:55:10"
531209,"DENT CASE","2019-11-26 18:17:46"
297089,"Case dent corner","2019-11-26 18:23:43"
520619,"Rear fan failure","2019-11-26 21:19:14"
520619,"Pressure mark","2019-11-26 21:22:04"
275448,"Pressure mark","2019-11-27 15:00:31"
283301,"Pressure Mark","2019-11-27 15:10:53"
275458,"Pressure Mark","2019-11-27 15:23:41"
283163,Dead,"2019-11-27 15:23:58"
282998,"Broken USB port","2019-11-27 16:13:15"
283026,"Pressure Mark","2019-11-27 16:13:32"
275447,"Doesn't read HDD","2019-11-27 16:25:28"
277416,"Pressure mark","2019-11-27 18:01:02"
295537,"Pressure mark","2019-11-27 18:01:13"
295567,"Pressure mark","2019-11-27 18:01:25"
295555,"Pressure mark","2019-11-27 18:09:58"
282935,"Pressure mark","2019-11-27 20:20:57"
295603,"Pressure mark","2019-11-27 20:38:37"
295551,"Pressure mark","2019-11-27 20:45:24"
295604,"Pressure mark","2019-11-27 20:45:33"
295563,"Bad charging port","2019-11-27 20:58:51"
295519,"Pressure mark","2019-11-27 21:21:09"
295554,"Pressure mark","2019-11-27 21:22:17"
518730,BROKEN,"2019-11-27 22:06:06"
518586,"BAD BATTERY","2019-11-27 22:11:09"
518616,"bad screen ","2019-11-27 22:15:55"
518549,"BROKEN CASE","2019-12-02 14:13:53"
518614,"bad screen","2019-12-02 14:23:07"
518550,"SCREEN BAD","2019-12-02 14:24:08"
536751,"BAD SCREEN","2019-12-02 14:28:30"
518563,"BAD CASE","2019-12-02 14:32:40"
531175,"CASE SCRATCH SEVERE","2019-12-02 14:34:58"
518604,"dab screen","2019-12-02 14:41:43"
538196,"FACE SCRATCH SEVERE","2019-12-02 14:42:03"
162601,"CASE DENT SEVERE","2019-12-03 14:54:10"
536657,"case dent severe","2019-12-03 19:41:57"
538196,"case dent  severe ","2019-12-03 20:25:10"
545231,"PRESSURE MARK","2019-12-04 15:14:50"
545348,"pressure mark severe","2019-12-04 15:27:07"
545350,"cracked case severo","2019-12-04 15:56:59"
545350,"cracked case severe","2019-12-04 15:58:10"
545373,"cracked case severe","2019-12-04 16:55:02"
267149,"Cracked face","2019-12-04 17:59:59"
545383,"screen scratch  minor","2019-12-04 18:03:56"
545358,"screen  scratch minor","2019-12-04 19:42:25"
545365,"case dent coner miner","2019-12-04 20:23:22"
545352,"case dent coner severe","2019-12-04 20:30:58"
545303,"screen scratch minor","2019-12-04 20:41:19"
545300,"case dent coner minor","2019-12-04 20:52:02"
545296,"PRESSURE MARK","2019-12-04 21:16:15"
545296,"PRESSURE MARK","2019-12-04 21:17:47"
545333,"screen scratch minor ","2019-12-04 21:22:25"
545231,"pressure mark","2019-12-04 21:25:45"
545407,"pressure mark severe","2019-12-04 21:32:15"
545360,"pressure mark","2019-12-04 21:33:19"
545226,"Pressure Mark","2019-12-04 21:36:55"
545293,"SCREEN LINES","2019-12-04 21:37:20"
545196,"Pressure Mark","2019-12-04 21:38:15"
545199,"pressure mark","2019-12-04 21:39:13"
545308,"DENT CASE","2019-12-04 21:42:58"
545398,"PRESSURE MARKET","2019-12-04 21:53:31"
545398,"PRESSURE MARK","2019-12-04 21:53:53"
545304,"SCREEN BAD","2019-12-04 22:03:57"
545380,"PRESSURE MARK","2019-12-04 22:14:24"
547130,"PRESSURE MARK","2019-12-04 22:19:51"
545406,DENT,"2019-12-04 22:23:36"
545368,"pressure mark","2019-12-05 14:15:44"
545384,"Pressure Mark","2019-12-05 14:16:47"
545345,"Pressure Mark","2019-12-05 14:17:40"
545385,"Pressure Mark","2019-12-05 14:18:51"
545335,"Pressure Mark","2019-12-05 14:19:52"
545229,"Pressure Mark","2019-12-05 14:20:45"
545351,"Pressure Mark","2019-12-05 14:21:38"
545374,"Pressure Mark","2019-12-05 14:22:26"
545198,"BAD SCREEN","2019-12-05 14:28:11"
545404,"case scratch severe","2019-12-05 14:30:26"
545404,"cracked case savere","2019-12-05 14:31:25"
545204,"CASE DENT","2019-12-05 14:32:25"
545220,"Pressure Mark","2019-12-05 14:42:22"
545218,"screen burn severe","2019-12-05 14:48:06"
545219,"screen burn severe","2019-12-05 14:49:35"
545217,"screen burn severe","2019-12-05 14:53:48"
545215,"SCREEN SCRATCH","2019-12-05 14:54:17"
275461,"Broken Wifi antennas","2019-12-05 15:02:49"
545214,"DENT CASE","2019-12-05 15:03:59"
545210,"PRESSURE MARK","2019-12-05 15:15:56"
545290,"DENT CASE","2019-12-05 15:21:08"
545299,"DENT CASE","2019-12-05 15:23:01"
545295,"SCREEN SCRATCH","2019-12-05 15:27:46"
545289,"SCREEN BURN","2019-12-05 15:34:12"
545349,"PRESSURE MARK","2019-12-05 16:07:23"
545342,"PRESSURE MARK","2019-12-05 16:07:47"
545393,"PRESSURE MARK","2019-12-05 16:08:03"
545353,"PRESSURE MARK","2019-12-05 16:57:04"
545379,"PRESSURE MARK","2019-12-05 16:57:26"
545376,"BAD BATTERY","2019-12-05 18:51:29"
545381,"BAD BATTERY","2019-12-05 18:51:57"
545396,"BAD BATTERY","2019-12-05 18:52:22"
545389,"PRESSURA MARK","2019-12-05 19:00:43"
545339,"defective touch screen","2019-12-05 19:20:00"
545242,"Pressure Mark","2019-12-05 19:35:08"
545370,"Pressure Mark","2019-12-06 14:31:07"
294796,"cracked case severe","2019-12-06 14:37:30"
299416,"case scratch severe","2019-12-06 14:43:03"
294800,"case dent severe","2019-12-06 14:44:35"
293979,"case scratch severe","2019-12-06 14:46:41"
296325,"case dent severe","2019-12-06 14:49:41"
282217,"case scratch minor","2019-12-06 14:52:05"
294640,"case scratch severe","2019-12-06 14:54:11"
296333,"case dent severe","2019-12-06 14:55:40"
296368,"case dent severe","2019-12-06 14:56:52"
297087,"case dent minor","2019-12-06 14:58:24"
296350,"case dent minor","2019-12-06 14:59:40"
296321,"case scratch severe","2019-12-06 15:05:37"
294582,"case dent severe","2019-12-06 15:06:43"
296373,"case dent severe","2019-12-06 15:12:41"
282523,"case dent severe","2019-12-06 15:15:15"
296754,"case dent severe","2019-12-06 15:17:14"
296309,"case dent severe","2019-12-06 15:18:50"
296320,"case scratch severe","2019-12-06 15:23:23"
296305,"case scratch minor","2019-12-06 15:26:35"
296765,"case scratch severe","2019-12-06 15:27:58"
294817,"case cracked severe ","2019-12-06 15:32:02"
296774,"case scratch minor","2019-12-06 15:33:29"
545223,"Bad Battery","2019-12-06 15:34:43"
519703,"BAD KEYBOARD - SCRATCH INSIDE","2019-12-06 17:00:10"
519703,"BAD KEYBOARD - SCRATCH INSIDE","2019-12-06 17:00:20"
524577,"No display, pressure marks, work keys, unresponsive trackpad","2019-12-06 17:38:57"
277416,"Case chip","2019-12-06 17:40:37"
545311,"Doesn't read keyboard","2019-12-06 17:49:53"
538485,"CRACK CASE","2019-12-06 18:25:36"
538485,"CRACKED CASE","2019-12-06 18:26:20"
299484,"MISSING NAME MISSING BATTERY ...... RANDY DIJO QUE SE PODIA ARREGLAR","2019-12-06 18:29:12"
507672,"dent case severe ","2019-12-06 18:40:18"
507669,"tratar skin en la cara","2019-12-06 18:42:42"
274864,"scrach case severe","2019-12-06 18:52:07"
295209,"beep codes","2019-12-06 18:57:53"
297091,"won`t boot, bad face","2019-12-06 19:16:19"
191696,"doesn`t post","2019-12-06 19:25:04"
507664,"BAD FACE","2019-12-06 19:34:35"
507619,"BAD FACE","2019-12-06 19:38:03"
545450,"case dent coner severe","2019-12-09 20:27:29"
545449,"case dent coner severe","2019-12-09 20:31:01"
545446,"Bad Keyboard","2019-12-09 20:41:00"
545446,"bad keybord","2019-12-09 20:41:35"
545436,"case dent severe","2019-12-09 21:04:09"
545273,"BAD TOUCH SCREEN","2019-12-09 21:08:15"
545456,"bad keyboard","2019-12-09 21:24:21"
545416,"case dent severe","2019-12-09 21:50:24"
545273,"bad touch screen","2019-12-09 22:16:22"
545420,"bad trackbad","2019-12-09 22:19:55"
545420,"bad track pad","2019-12-09 22:20:25"
545257,"rubber feet","2019-12-10 14:20:08"
545257,"rubber feet","2019-12-10 14:21:29"
545257,"case dent severe , rubber feet","2019-12-10 14:23:12"
545460,"bad track pad","2019-12-10 14:54:25"
545268,"case scratch minor","2019-12-10 14:56:01"
545287,"CASE DENT","2019-12-10 15:12:03"
545184,"cracked dent minor","2019-12-10 15:19:22"
545187,"dent case","2019-12-10 15:20:12"
545184,"cracked case minor","2019-12-10 15:20:31"
545442,"CD BURN","2019-12-10 15:27:21"
545270,"case dent coner minor","2019-12-10 15:36:43"
545270,"case dent coner severe","2019-12-10 15:38:15"
545327,"CASE DENT SEVERE","2019-12-10 15:39:14"
545330,"case dent coner minor","2019-12-10 15:41:33"
545271,"CASE DENT","2019-12-10 15:54:50"
545251,"case dent coner minor","2019-12-10 16:43:10"
545426,"case dent coner severe","2019-12-10 16:48:07"
545246,"case dent coner minor","2019-12-10 16:50:07"
545428,"case dent coner minor","2019-12-10 16:53:29"
545249,"bad track pad","2019-12-10 17:23:23"
545248,"case dent severe","2019-12-10 17:26:54"
545424,"case dent severe","2019-12-10 17:29:49"
288659,"Cracked Screen","2019-12-10 18:14:37"
545292,"case dent severe","2019-12-11 17:49:57"
545409,"case dent severe","2019-12-11 18:18:19"
545422,"cracked case severe","2019-12-11 19:57:04"
288859,"No Power","2019-12-12 17:09:13"
545283,"case dent severe ","2019-12-13 14:12:42"
552678,"NEED BATTERY","2019-12-13 18:12:31"
552665,"BAD BATTERY","2019-12-13 18:16:25"
552679,"NEED BATTERY","2019-12-13 18:20:47"
552677,"need battery ","2019-12-13 18:23:49"
518098,"BIOS Lock","2019-12-13 21:40:33"
518107,"Case crack","2019-12-13 21:41:56"
295746,"cracket case","2019-12-13 22:06:05"
283129,"Screen scratch minor","2019-12-13 22:08:57"
518097,"BIOS Lock","2019-12-13 22:15:04"
518115,"BIOS Lock","2019-12-16 14:21:52"
531174,"Case Dent Severe","2019-12-16 14:47:09"
520554,"Does not POST","2019-12-16 19:10:54"
296348,"Case dent and scratch severe","2019-12-16 19:17:54"
296742,"No display","2019-12-16 19:23:41"
297295,"No display","2019-12-16 20:18:45"
92808,"Bad Trackpad","2019-12-16 20:25:29"
531180,"Pressure mark, damaged bezel","2019-12-16 21:03:40"
519790,"Case dent severe","2019-12-16 21:05:42"
519814,"Case Dent Severe","2019-12-16 21:11:44"
295290,"Case dent severe, missing face","2019-12-17 16:15:07"
296332,"Case Dent severe","2019-12-17 21:41:34"
282933,"Case crack","2019-12-17 21:58:34"
284672,"case scratch severe, broken keyboard","2019-12-17 22:00:01"
519697,"Worn keys","2019-12-17 22:01:42"
299740,"Worn keys","2019-12-17 22:02:28"
200167,"Case scratch minor, worn keys","2019-12-17 22:04:37"
297774,"bad case","2019-12-18 18:13:53"
297774,"bad case","2019-12-18 18:15:22"
296199,"bad case","2019-12-18 18:21:04"
297757,"bad case","2019-12-18 18:22:05"
297768,"bad case","2019-12-18 18:32:02"
507672,dent,"2019-12-18 18:45:47"
162609,"Cracked docking station port","2019-12-18 18:58:09"
535423,"Pressure mark","2019-12-18 19:49:27"
292169,"Missing logo","2019-12-18 19:52:29"
170469,"AMD Processor","2019-12-18 19:57:39"
296410,Dead,"2019-12-18 19:59:12"
284481,"i3 Processor","2019-12-18 20:01:13"
283677,"Case chip corner","2019-12-18 20:02:08"
295589,"BIOS Lock","2019-12-18 20:02:36"
161756,"Case dent bottom","2019-12-18 20:03:37"
283115,"Track pad mouse button scratch","2019-12-18 20:04:45"
284488,"Pressure mark, case crack","2019-12-18 20:49:50"
295593,"Bad trackpad","2019-12-18 20:57:17"
552691,"Case Scratch and Crack severe","2019-12-19 17:53:47"
547106,"pressure marks","2019-12-19 18:04:30"
296262,"BAD CASE","2019-12-19 18:36:58"
547035,"Pressure marks","2019-12-19 19:20:12"
547017,"Defective keyboard","2019-12-19 20:03:50"
512762,"scratch severe","2019-12-20 18:11:49"
518827,"scratch severe","2019-12-20 18:39:03"
542587,"MISSING BATTERY","2019-12-20 18:42:38"
536194,"CRACKET CASE SEVERE","2019-12-20 18:44:21"
542584,"MISSING BATERRY","2019-12-20 18:53:28"
546820,"bad keyboard","2019-12-20 19:00:01"
546819,"bad case","2019-12-20 19:36:53"
552720,"missing battery","2019-12-20 19:41:29"
552692,"missing battery","2019-12-20 19:45:23"
552663,"missing battery","2019-12-20 19:45:32"
552718,"need battery","2019-12-20 19:53:04"
552718,"case discolor","2019-12-20 19:55:17"
552692,"bad case","2019-12-20 19:56:07"
552720,"bad case","2019-12-20 19:57:07"
552704,"bad case","2019-12-20 19:59:01"
552696,"case dent severe","2019-12-20 20:03:21"
548154,"missing battery","2019-12-20 20:04:26"
552681,"case dente severe","2019-12-20 20:05:42"
546906,"missing battery","2019-12-20 20:11:31"
546901,"missing battery ","2019-12-20 20:18:39"
552695,brocken,"2019-12-20 20:19:17"
552673,"case sent minor","2019-12-20 20:19:53"
546910,"cracked inside ","2019-12-20 20:23:41"
547884,"CHANCE BATTERY","2019-12-20 20:25:21"
547065,"missing battery","2019-12-20 20:25:36"
547884,"CHANGE BATTERY","2019-12-20 20:25:55"
547024,"missing battery","2019-12-20 20:28:36"
547067,"CRACKED INSIDE","2019-12-20 20:28:53"
547065,"pressure mark","2019-12-24 14:38:46"
547054,"pressure mark","2019-12-24 14:39:07"
546910,"case crack","2019-12-24 14:41:05"
546765,"Pressure marks","2019-12-24 16:44:41"
552667,"pressure mark","2019-12-24 18:18:04"
543159,"Missing SATA Power cable","2019-12-24 18:56:06"
546901,"bad inside ","2019-12-26 20:32:09"
546902,"worn keys","2019-12-26 20:33:07"
546914,"Work Keys","2019-12-26 20:36:32"
546906,"Worn Keys","2019-12-26 20:36:48"
547024,"bad inside","2019-12-26 20:46:20"
546901,"bad inside","2019-12-26 21:22:46"
536200,"Pressure mark","2019-12-27 16:09:22"
552709,"Freezes on update","2019-12-27 16:35:40"
291534,"Failed VRAM Diagnostic","2019-12-30 17:50:09"
507644,"Defective Ethernet","2019-12-30 18:06:19"
283592,"case scratch severe","2019-12-30 19:18:45"
283514,"case scratch severe","2019-12-30 19:23:40"
283553,"case scrath severe","2019-12-30 19:53:38"
283561,"screen rubber","2019-12-30 19:59:11"
283558,"case scratch severe","2019-12-30 20:11:15"
283540,"case scratch severe","2019-12-30 20:21:03"
519812,"scratch severe","2019-12-30 20:24:58"
538400,"NEED BATTERY","2019-12-30 20:29:18"
283586,"screen rubber","2019-12-30 20:31:23"
531177,"NEED BATTERY","2019-12-30 20:32:20"
531176,"NEED BATTERY","2019-12-30 20:35:42"
538402,"bad battery","2019-12-30 20:39:02"
531185,"NEED BATTERY","2019-12-30 20:41:57"
538647,"need battery","2019-12-30 20:45:45"
538647,"need battery","2019-12-30 20:46:50"
538407,"case scratch minor","2019-12-30 20:50:26"
538498,"BROKEN INSIDE","2019-12-30 20:51:22"
538467,"case scratch minor","2019-12-30 20:54:48"
283491,"BAD KEYBOARD","2019-12-30 21:11:12"
538668,"BROKEN INSIDE","2019-12-30 21:18:14"
538663,"BROKEN INSIDE","2019-12-30 21:24:57"
538652,"BROKEN INSIDE","2019-12-30 21:26:38"
518815,"Case Crack","2019-12-30 21:58:28"
524681,"screen scratch ","2019-12-31 14:13:56"
538500,"screen scratch","2019-12-31 14:17:19"
538465,"BROKEN IN SIDE ","2019-12-31 14:19:38"
518830,"Pressure Mark","2019-12-31 14:24:53"
512685,"Case dent corner","2019-12-31 14:29:22"
538457,"SCREEN SCRACTH","2019-12-31 14:47:19"
517712,"CASE SCRATCH SEVERE","2019-12-31 14:49:09"
295577,"CRACKED CASE","2019-12-31 14:50:58"
538466,"DENT CASE ","2019-12-31 14:52:30"
283492,"CASE SCRATCH","2019-12-31 14:59:01"
538442,"SCREEN SCRATCH","2019-12-31 15:18:03"
283494,"CRACKED CASE","2019-12-31 15:48:02"
283597,"CRACKED CASE","2019-12-31 15:49:23"
519796,"CASE SCRACTH","2019-12-31 15:55:58"
538401,"DENT CASE","2019-12-31 15:57:18"
283572,"DENT CASE","2019-12-31 15:58:34"
295877,"BROKEN IN SIDE","2019-12-31 16:18:27"
547371,"BAD FACE","2019-12-31 18:16:53"
547366,"BAD FACE","2019-12-31 18:21:41"
547375,"BAD FACE","2019-12-31 18:36:41"
547280,"BAD FACE","2019-12-31 18:38:19"
275739,"damaged case release","2019-12-31 18:46:05"
275706,"case dent severe","2019-12-31 18:51:38"
275710,"face damaged","2019-12-31 18:55:01"
275177,"face damaged and case dent severe","2019-12-31 18:57:37"
266951,"BAD FACE, AND BAD CASE","2019-12-31 19:03:17"
275758,"cracked case  seavere","2019-12-31 19:04:05"
267004,"BAD FACE","2019-12-31 19:05:15"
268370,"BAD FACE","2019-12-31 19:07:17"
516569,"cracked face","2019-12-31 19:09:04"
282231,"BAD FACE","2019-12-31 19:09:19"
267049,"BAD FACE","2019-12-31 19:13:27"
267160,"missing face","2019-12-31 19:14:50"
203680,"BAD FACE","2019-12-31 19:15:23"
274862,"BAD FACE","2019-12-31 19:24:26"
274862,"BAD FACE","2019-12-31 19:24:43"
185795,"BAD FACE","2019-12-31 19:27:38"
274853,"case scratch severe","2019-12-31 19:29:25"
185810,"bad face","2019-12-31 19:30:21"
274856,"bad face","2019-12-31 19:31:24"
267226,"case damaged severe","2019-12-31 19:37:41"
282252,"bad face","2020-01-02 14:20:44"
186276,"BAD FACE","2020-01-02 14:21:24"
266974,"bad face","2020-01-02 14:23:53"
186273,"DENT CASE","2020-01-02 14:34:34"
283621,"bad face","2020-01-02 14:35:30"
185061,"DENT CASE AND BAD FACE","2020-01-02 14:39:09"
274867,"case scratch severe","2020-01-02 14:39:59"
267117,"case scrastch severe","2020-01-02 14:43:09"
203707,"bad face","2020-01-02 14:46:34"
267036,"bad face","2020-01-02 14:48:59"
283419,"bad face","2020-01-02 14:51:18"
186274,"POWER BUTTON DEAD","2020-01-02 14:51:35"
288805,"Ghost touch","2020-01-02 14:52:24"
185092,"DENT CASE","2020-01-02 14:53:57"
273097,"DENT CASE","2020-01-02 15:01:20"
185070,"BAD FACE","2020-01-02 15:03:30"
282254,"bad face","2020-01-02 15:03:53"
185048,"DOES NOT POST","2020-01-02 15:05:42"
282291,"No display","2020-01-02 15:27:28"
296730,"Boot failure","2020-01-02 18:09:34"
296834,"Boot failure","2020-01-02 18:24:10"
518805,"DENT CASE SEVERE ","2020-01-02 19:58:29"
538647,"Case Crack","2020-01-02 21:01:20"
538502,"pressure mark","2020-01-02 21:23:46"
538498,"Case cracked","2020-01-02 21:35:12"
538398,"Missing key, pressure mark on screen","2020-01-02 22:09:31"
185091,"BAD CASE","2020-01-03 15:31:33"
538459,"Pressure mark, defective keyboard","2020-01-03 15:52:13"
538447,"Used for parts","2020-01-03 16:16:24"
538491,"BROKEN IN SIDE","2020-01-03 16:21:16"
538658,"one usb port is dead","2020-01-03 18:10:13"
538655,"pressure mark","2020-01-03 18:10:33"
538659,"pressure mark","2020-01-03 18:10:56"
299480,"bad screen and missing key","2020-01-03 20:12:04"
299480,"Screen scratch, missing key","2020-01-06 15:19:49"
565038,testdemo,"2020-02-06 22:43:55"
